Date,
8/9/2010,10000000
8/10/2010,9946011.682
8/11/2010,9673422.283
8/12/2010,9614121.469
8/13/2010,9585801.388
8/16/2010,9581376.449
8/17/2010,9699085.638
8/18/2010,9716786.564
8/19/2010,9547745.57
8/20/2010,9516772.16
8/23/2010,9480483.813
8/24/2010,9339763.749
8/25/2010,9376049.549
8/26/2010,9313211.246
8/27/2010,9457472.938
8/30/2010,9320293.654
8/31/2010,9320293.654
9/1/2010,9599078.117
9/2/2010,9688468.924
9/3/2010,9814141.604
9/7/2010,9703513.973
9/8/2010,9771661.483
9/9/2010,9816798.966
9/10/2010,9866359.054
9/13/2010,9976103.267
9/14/2010,9969906.717
9/15/2010,10007965.83
9/16/2010,10005309.21
9/17/2010,10009045.16
9/20/2010,10162084.77
9/21/2010,10141622.9
9/22/2010,10091793.99
9/23/2010,10009935.79
9/24/2010,10216362.19
9/27/2010,10167426.35
9/28/2010,10203017.53
9/29/2010,10185221.2
9/30/2010,10154969.15
10/1/2010,10197677.55
10/4/2010,10121156.15
10/5/2010,10324916.16
10/6/2010,10324023.94
10/7/2010,10311568.33
10/8/2010,10369404.35
10/11/2010,10379191.13
10/12/2010,10411222.01
10/13/2010,10492194.46
10/14/2010,10451263.29
10/15/2010,10472615.9
10/18/2010,10524224.49
10/19/2010,10386310.05
10/20/2010,10487744.37
10/21/2010,10510877.4
10/22/2010,10530452.77
10/25/2010,10561594.61
10/26/2010,10563373.44
10/27/2010,10533123.08
10/28/2010,10534902.87
10/29/2010,10542909.13
11/1/2010,10546469.43
11/2/2010,10630106.46
11/3/2010,10672816.56
11/4/2010,10878354.66
11/5/2010,10919284.24
11/8/2010,10898818.23
11/9/2010,10820519.49
11/10/2010,10864117.78
11/11/2010,10823186.61
11/12/2010,10695060.55
11/15/2010,10679935.37
11/16/2010,10513547.81
11/17/2010,10518886.21
11/18/2010,10673703.16
11/19/2010,10703066.92
11/22/2010,10694171.51
11/23/2010,10539350.52
11/24/2010,10695060.55
11/26/2010,10570490.76
11/29/2010,10602523.23
11/30/2010,10542909.13
12/1/2010,10767132.71
12/2/2010,10905046.4
12/3/2010,10934408.56
12/6/2010,10922842.85
12/7/2010,10929070.17
12/8/2010,10969111.45
12/9/2010,11011817.41
12/10/2010,11075883.31
12/13/2010,11083002.23
12/14/2010,11092786.57
12/15/2010,11042071.06
12/16/2010,11106135.26
12/17/2010,11118029.76
12/20/2010,11144864.89
12/21/2010,11215525.74
12/22/2010,11250411.59
12/23/2010,11234309.08
12/27/2010,11238782.73
12/28/2010,11254882.81
12/29/2010,11262933.64
12/30/2010,11245044.12
12/31/2010,11247728.23
1/3/2011,11364005.1
1/4/2011,11357742.97
1/5/2011,11416778.14
1/6/2011,11394417.41
1/7/2011,11372055.2
1/10/2011,11357742.97
1/11/2011,11397995.55
1/12/2011,11500858.89
1/13/2011,11482073.11
1/14/2011,11565256.76
1/18/2011,11584934.87
1/19/2011,11471341.36
1/20/2011,11456131.17
1/21/2011,11482073.11
1/24/2011,11547367.24
1/25/2011,11553630.33
1/26/2011,11598352.43
1/27/2011,11626976.14
1/28/2011,11423931.87
1/31/2011,11509802.06
2/1/2011,11694056.42
2/2/2011,11671697.39
2/3/2011,11697637.74
2/4/2011,11730730.23
2/7/2011,11804076.04
2/8/2011,11857745.33
2/9/2011,11830909.47
2/10/2011,11835383.01
2/11/2011,11906041.43
2/14/2011,11934662.7
2/15/2011,11897096.67
2/16/2011,11972233.62
2/17/2011,12008011.8
2/18/2011,12033054.94
2/22/2011,11791552.4
2/23/2011,11719103.7
2/24/2011,11711051.27
2/25/2011,11836273.75
2/28/2011,11909620.31
3/1/2011,11711051.27
3/2/2011,11736095.26
3/3/2011,11938241.58
3/4/2011,11848798.98
3/7/2011,11755775.81
3/8/2011,11858637.56
3/9/2011,11841641.22
3/10/2011,11622503.34
3/11/2011,11703003.62
3/14/2011,11632342.02
3/15/2011,11499069.45
3/16/2011,11286188.19
3/17/2011,11435563.92
3/18/2011,11477156.59
3/21/2011,11655027.29
3/22/2011,11614598.22
3/23/2011,11647838.01
3/24/2011,11759230.83
3/25/2011,11795166.09
3/28/2011,11766420.11
3/29/2011,11845471.95
3/30/2011,11927221.58
3/31/2011,11911051.03
4/1/2011,11961357.73
4/4/2011,11971239.29
4/5/2011,11969444.12
4/6/2011,12007173.7
4/7/2011,11976630.22
4/8/2011,11935308.07
4/11/2011,11899372.81
4/12/2011,11810440.27
4/13/2011,11809539.03
4/14/2011,11818522.63
4/15/2011,11861644.83
4/18/2011,11728688.94
4/19/2011,11796066.49
4/20/2011,11956867.95
4/21/2011,12017954.06
4/25/2011,12005374.6
4/26/2011,12108684.96
4/27/2011,12187739.13
4/28/2011,12227264.62
4/29/2011,12256011.45
5/2/2011,12237150.21
5/3/2011,12193128.57
5/4/2011,12112280.82
5/5/2011,12002683.92
5/6/2011,12055682.79
5/9/2011,12102399.26
5/10/2011,12205707.18
5/11/2011,12077241.93
5/12/2011,12134737.07
5/13/2011,12041311.45
5/16/2011,11964952.75
5/17/2011,11963155.24
5/18/2011,12070059.02
5/19/2011,12098801.81
5/20/2011,12002683.92
5/23/2011,11863437.56
5/24/2011,11853557.59
5/25/2011,11893083.83
5/26/2011,11947885.09
5/27/2011,11993697.87
5/31/2011,12118568.96
6/1/2011,11846371.5
6/2/2011,11833793.63
6/3/2011,11716111.92
6/6/2011,11592141.23
6/7/2011,11584955.99
6/8/2011,11536447.64
6/9/2011,11624480.63
6/10/2011,11462781.21
6/13/2011,11471767.25
6/14/2011,11617296.12
6/15/2011,11410677
6/16/2011,11435832.74
6/17/2011,11469956.8
6/20/2011,11528637.29
6/21/2011,11686625.06
6/22/2011,11616209.58
6/23/2011,11582804.54
6/24/2011,11448290.79
6/27/2011,11550304.89
6/28/2011,11701072.5
6/29/2011,11801281.77
6/30/2011,11914127.18
7/1/2011,12090176.08
7/5/2011,12080243.47
7/6/2011,12094690.91
7/7/2011,12220175.74
7/8/2011,12133507.88
7/11/2011,11914127.18
7/12/2011,11862669.93
7/13/2011,11902392.18
7/14/2011,11820238.41
7/15/2011,11888851.51
7/18/2011,11791352.35
7/19/2011,11982741.02
7/20/2011,11975516.93
7/21/2011,12141634.07
7/22/2011,12149757.81
7/25/2011,12082051.48
7/26/2011,12036908.37
7/27/2011,11790446.32
7/28/2011,11756143.44
7/29/2011,11675791.31
8/1/2011,11626141.33
8/2/2011,11329122.43
8/3/2011,11390509.85
8/4/2011,10856961.61
8/5/2011,10840714.97
8/8/2011,10134728.34
8/9/2011,10605986.33
8/10/2011,10137439.94
8/11/2011,10592446.61
8/12/2011,10663764.93
8/15/2011,10889462.96
8/16/2011,10796474.6
8/17/2011,10803694.76
8/18/2011,10337856.04
8/19/2011,10169032.08
8/22/2011,10177160.6
8/23/2011,10512095.23
8/24/2011,10660153.68
8/25/2011,10497650.97
8/26/2011,10650221.82
8/29/2011,10956268.79
8/30/2011,10985158.14
8/31/2011,11033907.62
9/1/2011,10918353.06
9/2/2011,10639391.36
9/6/2011,10561749.24
9/7/2011,10859669.28
9/8/2011,10746819.84
9/9/2011,10465151.32
9/12/2011,10532859.99
9/13/2011,10629457.91
9/14/2011,10776611.93
9/15/2011,10962591
9/16/2011,11027469.73
9/19/2011,10917667.26
9/20/2011,10904963.83
9/21/2011,10583722.81
9/22/2011,10241609.41
9/23/2011,10303314.26
9/26/2011,10548333.27
9/27/2011,10666301.63
9/28/2011,10448511.16
9/29/2011,10531090.82
9/30/2011,10267926.31
10/3/2011,9975722.795
10/4/2011,10194420.14
10/5/2011,10383173.2
10/6/2011,10571019.5
10/7/2011,10500237.12
10/10/2011,10851424.87
10/11/2011,10862312.1
10/12/2011,10957598.37
10/13/2011,10935817.43
10/14/2011,11122755.15
10/17/2011,10910409.84
10/18/2011,11123664.47
10/19/2011,10992080.19
10/20/2011,11040178.04
10/21/2011,11249800.29
10/24/2011,11387733.41
10/25/2011,11166313.76
10/26/2011,11279747.01
10/27/2011,11672675.58
10/28/2011,11669954.97
10/31/2011,11388641.02
11/1/2011,11071029.93
11/2/2011,11251614.78
11/3/2011,11456703.63
11/4/2011,11386828.98
11/7/2011,11457608.06
11/8/2011,11604617.11
11/9/2011,11176296.56
11/10/2011,11281562.35
11/11/2011,11493906.81
11/14/2011,11385010.35
11/15/2011,11441272.38
11/16/2011,11259783.1
11/17/2011,11081012.73
11/18/2011,11069214.59
11/21/2011,10858684.62
11/22/2011,10816034.58
11/23/2011,10577371.52
11/25/2011,10557404.43
11/28/2011,10863221.42
11/29/2011,10894074.16
11/30/2011,11342361.91
12/1/2011,11340546.58
12/2/2011,11330565.36
12/5/2011,11453977.28
12/6/2011,11457608.06
12/7/2011,11500258.94
12/8/2011,11247984.11
12/9/2011,11438551.76
12/12/2011,11271580.39
12/13/2011,11166313.76
12/14/2011,11047436.09
12/15/2011,11087364.02
12/16/2011,11103804.13
12/19/2011,10985084.39
12/20/2011,11317494.42
12/21/2011,11339412.17
12/22/2011,11439866.7
12/23/2011,11542144.74
12/27/2011,11551278.09
12/28/2011,11399684.59
12/29/2011,11517489.4
12/30/2011,11460870.36
1/3/2012,11643511.77
1/4/2012,11661779.43
1/5/2012,11692827.34
1/6/2012,11662691.18
1/9/2012,11691001.5
1/10/2012,11792367.79
1/11/2012,11798760.36
1/12/2012,11827069.83
1/13/2012,11765884.06
1/17/2012,11811544.65
1/18/2012,11942134.6
1/19/2012,12005148.65
1/20/2012,12049895.9
1/23/2012,12018847.99
1/24/2012,12005148.65
1/25/2012,12105600.85
1/26/2012,12043501.74
1/27/2012,12038023.26
1/30/2012,11996929.39
1/31/2012,11992361.92
2/1/2012,12097382.34
2/2/2012,12116559.3
2/3/2012,12286416.43
2/6/2012,12278198.76
2/7/2012,12309247.52
2/8/2012,12345775.51
2/9/2012,12361299.83
2/10/2012,12269981.94
2/13/2012,12361299.83
2/14/2012,12345775.51
2/15/2012,12288246.3
2/16/2012,12424316.33
2/17/2012,12457190.19
2/21/2012,12462672.6
2/22/2012,12422487.2
2/23/2012,12477281.99
2/24/2012,12504677.37
2/27/2012,12525683.47
2/28/2012,12562212.2
2/29/2012,12512899.92
3/1/2012,12577730.9
3/2/2012,12539378.66
3/5/2012,12488238.84
3/6/2012,12305597.43
3/7/2012,12391436.84
3/8/2012,12514720.88
3/9/2012,12563123.1
3/12/2012,12564037.29
3/13/2012,12790514.31
3/14/2012,12776816.57
3/15/2012,12850785.89
3/16/2012,12868582.22
3/19/2012,12919026.58
3/20/2012,12881421.7
3/21/2012,12860330.59
3/22/2012,12767683.96
3/23/2012,12808960.79
3/26/2012,12988736.83
3/27/2012,12948378.97
3/28/2012,12884173.84
3/29/2012,12862155.69
3/30/2012,12915358.55
4/2/2012,13009828.69
4/3/2012,12956633.04
4/4/2012,12828217.89
4/5/2012,12821801.86
4/9/2012,12677800.08
4/10/2012,12465003.72
4/11/2012,12565897.2
4/12/2012,12730079.93
4/13/2012,12578739.02
4/16/2012,12570481.66
4/17/2012,12756682.64
4/18/2012,12713570.2
4/19/2012,12631939.43
4/20/2012,12653034.58
4/23/2012,12546635.23
4/24/2012,12594332.22
4/25/2012,12766769.02
4/26/2012,12855738.82
4/27/2012,12876837.14
4/30/2012,12829142.59
5/1/2012,12908936.05
5/2/2012,12870414.64
5/3/2012,12772270.96
5/4/2012,12565897.2
5/7/2012,12575070.25
5/8/2012,12524621.97
5/9/2012,12450328.74
5/10/2012,12476013.22
5/11/2012,12438402.72
5/14/2012,12300821.73
5/15/2012,12230194.95
5/16/2012,12183419.36
5/17/2012,12002726.9
5/18/2012,11899997.06
5/21/2012,12104539.25
5/22/2012,12125632.8
5/23/2012,12132056.14
5/24/2012,12155901.72
5/25/2012,12116462.94
5/29/2012,12263216.11
5/30/2012,12085276.53
5/31/2012,12058673.08
6/1/2012,11755075.46
6/4/2012,11749573.53
6/5/2012,11838545.76
6/6/2012,12104539.25
6/7/2012,12111875.2
6/8/2012,12208182.43
6/11/2012,12053171.15
6/12/2012,12191675.13
6/13/2012,12113710.8
6/14/2012,12242119.38
6/15/2012,12367324.03
6/18/2012,12391295.16
6/19/2012,12511151.76
6/20/2012,12490867.98
6/21/2012,12210588.9
6/22/2012,12304627.41
6/25/2012,12107327.89
6/26/2012,12168176.81
6/27/2012,12277893.53
6/28/2012,12242857.83
6/29/2012,12548032.73
7/2/2012,12585833.52
7/3/2012,12668807.56
7/5/2012,12611646.84
7/6/2012,12491793.42
7/9/2012,12476120.09
7/10/2012,12367324.03
7/11/2012,12369166.85
7/12/2012,12309239.46
7/13/2012,12515757.33
7/16/2012,12486257.52
7/17/2012,12572001.53
7/18/2012,12665120.96
7/19/2012,12698313
7/20/2012,12582144.59
7/23/2012,12454911.6
7/24/2012,12347960.07
7/25/2012,12350729.18
7/26/2012,12554481.23
7/27/2012,12785897.38
7/30/2012,12785897.38
7/31/2012,12696466.89
8/1/2012,12685403.9
8/2/2012,12597813.89
8/3/2012,12847670.15
8/6/2012,12872567.58
8/7/2012,12937099.8
8/8/2012,12952774.83
8/9/2012,12963842.59
8/10/2012,12985046.2
8/13/2012,12978592.08
8/14/2012,12980434.16
8/15/2012,12995188.52
8/16/2012,13091073.14
8/17/2012,13108586.11
8/20/2012,13109511.56
8/21/2012,13069863.8
8/22/2012,13075396.52
8/23/2012,12968447.32
8/24/2012,13046817.38
8/27/2012,13049581.72
8/28/2012,13036674.21
8/29/2012,13046817.38
8/30/2012,12952774.83
8/31/2012,13014550.04
9/4/2012,13002560.02
9/5/2012,12991498.73
9/6/2012,13255181.37
9/7/2012,13306811.08
9/10/2012,13231211.83
9/11/2012,13268088.77
9/12/2012,13312345.38
9/13/2012,13515177.51
9/14/2012,13575109.05
9/17/2012,13529008.76
9/18/2012,13517941.85
9/19/2012,13525318.98
9/20/2012,13526242.09
9/21/2012,13520591.99
9/24/2012,13500194.01
9/25/2012,13356528.98
9/26/2012,13281448.07
9/27/2012,13406582.99
9/28/2012,13344480.69
10/1/2012,13379703.4
10/2/2012,13393603.53
10/3/2012,13448289.86
10/4/2012,13544691.01
10/5/2012,13545614.86
10/8/2012,13499270.16
10/9/2012,13365796.9
10/10/2012,13280520.08
10/11/2012,13287940.19
10/12/2012,13244371.92
10/15/2012,13354670.77
10/16/2012,13489999.06
10/17/2012,13551172.73
10/18/2012,13515953.95
10/19/2012,13290714.18
10/22/2012,13292574.09
10/23/2012,13108121.37
10/24/2012,13071045.23
10/25/2012,13109045.97
10/26/2012,13101630.74
10/31/2012,13101630.74
11/1/2012,13238809.28
11/2/2012,13121095.11
11/5/2012,13147976.4
11/6/2012,13250862.45
11/7/2012,12950548.99
11/8/2012,12794829.94
11/9/2012,12805954.48
11/12/2012,12816151.03
11/13/2012,12771654.78
11/14/2012,12599255.12
11/15/2012,12577939.87
11/16/2012,12640039.72
11/19/2012,12895862.66
11/20/2012,12901425.31
11/21/2012,12925521.14
11/23/2012,13101630.74
11/26/2012,13073825.7
11/27/2012,13007090.24
11/28/2012,13111829.73
11/29/2012,13173003.4
11/30/2012,13175780.58
12/3/2012,13110905.03
12/4/2012,13092363.78
12/5/2012,13115533.31
12/6/2012,13160026.27
12/7/2012,13199880.55
12/10/2012,13205443.2
12/11/2012,13295353.82
12/12/2012,13301841.91
12/13/2012,13220273.65
12/14/2012,13171153.15
12/17/2012,13325940.18
12/18/2012,13474239.87
12/19/2012,13374143.2
12/20/2012,13451067.14
12/21/2012,13328970.9
12/24/2012,13287903.78
12/26/2012,13231890.31
12/27/2012,13214156.27
12/28/2012,13071338.25
12/31/2012,13293497.95
1/2/2013,13634213.84
1/3/2013,13603412.89
1/4/2013,13663150.85
1/7/2013,13625815.65
1/8/2013,13586610.03
1/9/2013,13621151.81
1/10/2013,13729429.64
1/11/2013,13728500.16
1/14/2013,13719162.62
1/15/2013,13728500.16
1/16/2013,13726631.34
1/17/2013,13815308
1/18/2013,13846115.43
1/22/2013,13920794
1/23/2013,13943193.58
1/24/2013,13946929.53
1/25/2013,14025339.17
1/28/2013,14008539.49
1/29/2013,14063610.43
1/30/2013,14008539.49
1/31/2013,13973999.41
2/1/2013,14117753.38
2/4/2013,13959065.26
2/5/2013,14100016.16
2/6/2013,14110283.18
2/7/2013,14091617.96
2/8/2013,14170027.61
2/11/2013,14167226.02
2/12/2013,14190564.83
2/13/2013,14202697.39
2/14/2013,14215765.89
2/15/2013,14198963.03
2/19/2013,14305378.61
2/20/2013,14127087.63
2/21/2013,14041209.27
2/22/2013,14178429.1
2/25/2013,13908656.68
2/26/2013,14003872.47
2/27/2013,14180294.63
2/28/2013,14152293.57
3/1/2013,14198963.03
3/4/2013,14274577.66
3/5/2013,14402456.76
3/6/2013,14422067.69
3/7/2013,14448199.92
3/8/2013,14509809.89
3/11/2013,14564887.3
3/12/2013,14532211.05
3/13/2013,14552748.28
3/14/2013,14630226.85
3/15/2013,14610910.64
3/18/2013,14530277.49
3/19/2013,14496525.94
3/20/2013,14597786.95
3/21/2013,14473081.96
3/22/2013,14589346.73
3/25/2013,14528399.01
3/26/2013,14644663.78
3/27/2013,14644663.78
3/28/2013,14689671.68
4/1/2013,14631538.5
4/2/2013,14703736.21
4/3/2013,14554657.53
4/4/2013,14613725.08
4/5/2013,14548094.1
4/8/2013,14646543.86
4/9/2013,14697174.36
4/10/2013,14877196.52
4/11/2013,14925951.72
4/12/2013,14889385.74
4/15/2013,14544338.73
4/16/2013,14759058.04
4/17/2013,14543402.77
4/18/2013,14452455.69
4/19/2013,14578093.46
4/22/2013,14642794.96
4/23/2013,14793748.82
4/24/2013,14803125.21
4/25/2013,14863131.99
4/26/2013,14836879.94
4/29/2013,14936262.47
4/30/2013,14971892.5
5/1/2013,14840628.84
5/2/2013,14978460.71
5/3/2013,15130350.63
5/6/2013,15168791.91
5/7/2013,15245681.05
5/8/2013,15315065.81
5/9/2013,15271936.28
5/10/2013,15321629.24
5/13/2013,15333813.59
5/14/2013,15492270.13
5/15/2013,15575721.01
5/16/2013,15502588.94
5/17/2013,15652606.85
5/20/2013,15651670.8
5/21/2013,15674169.07
5/22/2013,15557905.99
5/23/2013,15512899.69
5/24/2013,15499772.81
5/28/2013,15592595.08
5/29/2013,15491330.89
5/30/2013,15548532.9
5/31/2013,15325376.44
6/3/2013,15409761.79
6/4/2013,15335690.48
6/5/2013,15120975.94
6/6/2013,15257871.86
6/7/2013,15451955.15
6/10/2013,15451955.15
6/11/2013,15292559.36
6/12/2013,15165980.66
6/13/2013,15396634.91
6/14/2013,15300060.45
6/17/2013,15418203.71
6/18/2013,15540089.39
6/19/2013,15325376.44
6/20/2013,14945640.34
6/21/2013,14993618.36
6/24/2013,14804156.78
6/25/2013,14946490.54
6/26/2013,15094472.9
6/27/2013,15183076.65
6/28/2013,15120864.19
7/1/2013,15209468.05
7/2/2013,15195335.5
7/3/2013,15201929.71
7/5/2013,15365935.95
7/8/2013,15453600.46
7/9/2013,15564825.71
7/10/2013,15570478.98
7/11/2013,15782560.35
7/12/2013,15789157.75
7/15/2013,15849481.96
7/16/2013,15790096.99
7/17/2013,15830630.6
7/18/2013,15917344.52
7/19/2013,15945625.75
7/22/2013,15976731.08
7/23/2013,15942793.39
7/24/2013,15884359.01
7/25/2013,15923002.68
7/26/2013,15939969.19
7/29/2013,15890949.93
7/30/2013,15890949.93
7/31/2013,15902266.36
8/1/2013,16086069.67
8/2/2013,16113401.9
8/5/2013,16089838.1
8/6/2013,15998411.63
8/7/2013,15946563.4
8/8/2013,16005007.44
8/9/2013,15958823.84
8/12/2013,15939969.19
8/13/2013,15987095.32
8/14/2013,15905093.74
8/15/2013,15682649.94
8/16/2013,15630804.89
8/19/2013,15530889.49
8/20/2013,15607240.98
8/21/2013,15511094.01
8/22/2013,15652478.86
8/23/2013,15705263.15
8/26/2013,15646825.59
8/27/2013,15395158.02
8/28/2013,15449827.26
8/29/2013,15474332.01
8/30/2013,15425314.45
9/3/2013,15495074.91
9/4/2013,15623261.67
9/5/2013,15643057.27
9/6/2013,15650595.5
9/9/2013,15800470.88
9/10/2013,15917344.52
9/11/2013,15967304.61
9/12/2013,15924884.45
9/13/2013,15960703.92
9/16/2013,16053076.1
9/17/2013,16124715.04
9/18/2013,16311345.94
9/19/2013,16284008.83
9/20/2013,16170158.6
9/23/2013,16095334.3
9/24/2013,16057445.21
9/25/2013,16011033.23
9/26/2013,16072601.17
9/27/2013,15998719.3
9/30/2013,15913472.51
10/1/2013,16039450.42
10/2/2013,16024294.46
10/3/2013,15876537.31
10/4/2013,15996832.75
10/7/2013,15858539.33
10/8/2013,15673840.39
10/9/2013,15685206.9
10/10/2013,16023347.15
10/11/2013,16126588.74
10/14/2013,16190998.71
10/15/2013,16073550.17
10/16/2013,16298031.22
10/17/2013,16406951.98
10/18/2013,16517773.93
10/21/2013,16518716.46
10/22/2013,16614387.34
10/23/2013,16534826.2
10/24/2013,16589757.9
10/25/2013,16665532.79
10/28/2013,16692050.48
10/29/2013,16781088.19
10/30/2013,16697737.72
10/31/2013,16650380.01
11/1/2013,16690160.64
11/4/2013,16748884.86
11/5/2013,16695841.4
11/6/2013,16781088.19
11/7/2013,16568917.78
11/8/2013,16792453.12
11/11/2013,16795295.25
11/12/2013,16761201.97
11/13/2013,16895697.99
11/14/2013,16979995.78
11/15/2013,17053872.76
11/18/2013,16994202.73
11/19/2013,16957259.35
11/20/2013,16904219.19
11/21/2013,17040614.71
11/22/2013,17125859.91
11/25/2013,17108812.42
11/26/2013,17113545.98
11/27/2013,17155221.22
11/29/2013,17143854.6
12/2/2013,17099337.34
12/3/2013,17025458.76
12/4/2013,17023567.33
12/5/2013,16948736.46
12/6/2013,17138173.84
12/9/2013,17181742.1
12/10/2013,17120177.45
12/11/2013,16927904.52
12/12/2013,16872019.14
12/13/2013,16870126.02
12/16/2013,16975254.15
12/17/2013,16921269.87
12/18/2013,17210160.99
12/19/2013,17190269.88
12/20/2013,17290257.98
12/23/2013,17382635.04
12/24/2013,17420729.81
12/26/2013,17509294.72
12/27/2013,17508340.83
12/30/2013,17505482.67
12/31/2013,17588337.53
1/2/2014,17419775.92
1/3/2014,17416914.47
1/6/2014,17366445.92
1/7/2014,17473104.33
1/8/2014,17476913.19
1/9/2014,17488341.26
1/10/2014,17535956.43
1/13/2014,17302644.82
1/14/2014,17491201.12
1/15/2014,17585477.67
1/16/2014,17562624.72
1/17/2014,17488341.26
1/21/2014,17539766.88
1/22/2014,17551201.53
1/23/2014,17407398.85
1/24/2014,17035992.91
1/27/2014,16952187.45
1/28/2014,17053132.73
1/29/2014,16889336.94
1/30/2014,17068369.55
1/31/2014,16968374.98
2/3/2014,16586501.22
2/4/2014,16702680.14
2/5/2014,16681729.97
2/6/2014,16901715.61
2/7/2014,17111226.96
2/10/2014,17142653.01
2/11/2014,17330257.23
2/12/2014,17338831.92
2/13/2014,17428344.13
2/14/2014,17524531.65
2/18/2014,17545480.12
2/19/2014,17429299.61
2/20/2014,17532149.27
2/21/2014,17512148.1
2/24/2014,17609292.58
2/25/2014,17602622.27
2/26/2014,17603572.87
2/27/2014,17695949.82
2/28/2014,17740706.84
3/3/2014,17615946.65
3/4/2014,17863554.36
3/5/2014,17879743.59
3/6/2014,17920690.04
3/7/2014,17928314.13
3/10/2014,17918787.26
3/11/2014,17830222.34
3/12/2014,17834989.87
3/13/2014,17634995.63
3/14/2014,17585477.67
3/17/2014,17744514
3/18/2014,17871175.27
3/19/2014,17775944.93
3/20/2014,17879743.59
3/21/2014,17810395.97
3/24/2014,17736745.79
3/25/2014,17820915.69
3/26/2014,17692745.05
3/27/2014,17655443.81
3/28/2014,17742484.92
3/31/2014,17887872.96
4/1/2014,18006482.55
4/2/2014,18066743.61
4/3/2014,18042831.6
4/4/2014,17829526.03
4/7/2014,17632487.27
4/8/2014,17705182.09
4/9/2014,17895526.23
4/10/2014,17519615.12
4/11/2014,17361790.15
4/14/2014,17498569.44
4/15/2014,17619091.57
4/16/2014,17803701.47
4/17/2014,17828568.96
4/21/2014,17890742.47
4/22/2014,17972050.92
4/23/2014,17929961.15
4/24/2014,17966306.91
4/25/2014,17819004.73
4/28/2014,17875439.21
4/29/2014,17958655.23
4/30/2014,18012223.38
5/1/2014,18014135.82
5/2/2014,17988308.07
5/5/2014,18022742.98
5/6/2014,17865871.79
5/7/2014,17971095.45
5/8/2014,17951960.61
5/9/2014,17978743.84
5/12/2014,18153786.32
5/13/2014,18170049.94
5/14/2014,18083959.43
5/15/2014,17925178.98
5/16/2014,17987354.19
5/19/2014,18053356.09
5/20/2014,17939526.86
5/21/2014,18090658.92
5/22/2014,18134657.96
5/23/2014,18207348
5/27/2014,18319266.26
5/28/2014,18305875.44
5/29/2014,18400571.42
5/30/2014,18430217.69
6/2/2014,18451265.07
6/3/2014,18441700.95
6/4/2014,18479003.78
6/5/2014,18599522.63
6/6/2014,18688482.76
6/9/2014,18707615.9
6/10/2014,18709528.45
6/11/2014,18644483.62
6/12/2014,18512484.81
6/13/2014,18568919.29
6/16/2014,18584222.55
6/17/2014,18635876.56
6/18/2014,18772654.26
6/19/2014,18793698.35
6/20/2014,18831852.97
6/23/2014,18826086.24
6/24/2014,18712681.43
6/25/2014,18797254.52
6/26/2014,18783802.14
6/27/2014,18820321.22
6/30/2014,18810710.07
7/1/2014,18936613.48
7/2/2014,18955835.76
7/3/2014,19049064.61
7/7/2014,18982748.57
7/8/2014,18860687.99
7/9/2014,18945265.96
7/10/2014,18870297.54
7/11/2014,18896248.4
7/14/2014,18991397.76
7/15/2014,18955835.76
7/16/2014,19025997.81
7/17/2014,18809746.53
7/18/2014,19001970.86
7/21/2014,18966408.86
7/22/2014,19049064.61
7/23/2014,19091351.9
7/24/2014,19092312.26
7/25/2014,19002929.52
7/28/2014,19010618.45
7/29/2014,18928926.24
7/30/2014,18931808.81
7/31/2014,18557943.01
8/1/2014,18501233.23
8/4/2014,18634827.16
8/5/2014,18454141.17
8/6/2014,18459906.2
8/7/2014,18359955.25
8/8/2014,18572355.64
8/11/2014,18626174.68
8/12/2014,18600228.7
8/13/2014,18726135.4
8/14/2014,18814554.59
8/15/2014,18810710.07
8/18/2014,18968329.47
8/19/2014,19067324.95
8/20/2014,19118261.53
8/21/2014,19174012.54
8/22/2014,19144212.39
8/25/2014,19241282.36
8/26/2014,19253774.37
8/27/2014,19246088.73
8/28/2014,19235517.33
8/29/2014,19290303.21
9/2/2014,19280688.88
9/3/2014,19270115.79
9/4/2014,19242247.5
9/5/2014,19328744.49
9/8/2014,19278766.57
9/9/2014,19156710.87
9/10/2014,19228791.94
9/11/2014,19250896.79
9/12/2014,19138445.66
9/15/2014,19124029.85
9/16/2014,19268193.58
9/17/2014,19294144.44
9/18/2014,19396987.62
9/19/2014,19379506.17
9/22/2014,19229836.46
9/23/2014,19119759.43
9/24/2014,19269424.25
9/25/2014,18958504.59
9/26/2014,19109142.61
9/29/2014,19074375.83
9/30/2014,19024169.53
10/1/2014,18766349.88
10/2/2014,18769251.87
10/3/2014,18975888.82
10/6/2014,18953678.69
10/7/2014,18661100.33
10/8/2014,18987475.56
10/9/2014,18610892.43
10/10/2014,18398462.96
10/13/2014,18096228.04
10/14/2014,18124232.28
10/15/2014,18001600.08
10/16/2014,17986151
10/17/2014,18198587.05
10/20/2014,18375287.69
10/21/2014,18739318.95
10/22/2014,18606065.05
10/23/2014,18822355.18
10/24/2014,18967195.91
10/27/2014,18941128.41
10/28/2014,19158382.08
10/29/2014,19129415.89
10/30/2014,19252046.49
10/31/2014,19472202.15
11/3/2014,19482825.44
11/4/2014,19415230.12
11/5/2014,19537864.01
11/6/2014,19616076.05
11/7/2014,19634422.24
11/10/2014,19696223.34
11/11/2014,19715534.67
11/12/2014,19694291.48
11/13/2014,19716501.5
11/14/2014,19721330.58
11/17/2014,19733882.45
11/18/2014,19847821.83
11/19/2014,19815956.83
11/20/2014,19850717.24
11/21/2014,19956928.74
11/24/2014,20012937.33
11/25/2014,19998455.08
11/26/2014,20049632.89
11/28/2014,20007139.82
12/1/2014,19868095.01
12/2/2014,19996519.82
12/3/2014,20073770.01
12/4/2014,20051564.86
12/5/2014,20084388.42
12/8/2014,19950172.68
12/9/2014,19936652.28
12/10/2014,19617042.88
12/11/2014,19716501.5
12/12/2014,19397852.36
12/15/2014,19264601.75
12/16/2014,19110104.56
12/17/2014,19484754.12
12/18/2014,19966588.49
12/19/2014,20051548.63
12/22/2014,20143783.16
12/23/2014,20170964.79
12/24/2014,20172909.61
12/26/2014,20237959.32
12/29/2014,20265147.43
12/30/2014,20156406.34
12/31/2014,19956394.38
1/2/2015,19945712.82
1/5/2015,19585503.48
1/6/2015,19401027.95
1/7/2015,19642786.47
1/8/2015,19991342.64
1/9/2015,19831143.56
1/12/2015,19675792.99
1/13/2015,19620451.74
1/14/2015,19502000.71
1/15/2015,19323351.86
1/16/2015,19576758.67
1/20/2015,19618513.3
1/21/2015,19717547.61
1/22/2015,20010767.31
1/23/2015,19901051.43
1/26/2015,19947656.15
1/27/2015,19684534.51
1/28/2015,19432092.95
1/29/2015,19611715
1/30/2015,19365100.01
2/2/2015,19604918.39
2/3/2015,19888429.84
2/4/2015,19812696.98
2/5/2015,20012705.76
2/6/2015,19957364.4
2/9/2015,19868044.81
2/10/2015,20079700.28
2/11/2015,20091350.27
2/12/2015,20284562.34
2/13/2015,20368065
2/17/2015,20400108.09
2/18/2015,20402046.53
2/19/2015,20387484.9
2/20/2015,20509819.08
2/23/2015,20506909.03
2/24/2015,20565163.73
2/25/2015,20547690.34
2/26/2015,20523412.39
2/27/2015,20453509.4
3/2/2015,20582640.3
3/3/2015,20498167.5
3/4/2015,20411756.37
3/5/2015,20434087.92
3/6/2015,20146694.8
3/9/2015,20230191
3/10/2015,19902024.64
3/11/2015,19855416.74
3/12/2015,20107860
3/13/2015,19984550.92
3/16/2015,20251554.11
3/17/2015,20191356.19
3/18/2015,20434087.92
3/19/2015,20340880.18
3/20/2015,20520421.36
3/23/2015,20480441.64
3/24/2015,20365360.62
3/25/2015,20066931.27
3/26/2015,20019142.9
3/27/2015,20064979.99
3/30/2015,20309769.87
3/31/2015,20132270.82
4/1/2015,20061078.79
4/2/2015,20133245.72
4/6/2015,20268810.47
4/7/2015,20215167.92
4/8/2015,20283436.84
4/9/2015,20373162.91
4/10/2015,20484339.54
4/13/2015,20391695.35
4/14/2015,20430703.36
4/15/2015,20522377.53
4/16/2015,20516525.05
4/17/2015,20280510.65
4/20/2015,20465811.98
4/21/2015,20441430.34
4/22/2015,20541883.18
4/23/2015,20593571.15
4/24/2015,20641361.33
4/27/2015,20555534.75
4/28/2015,20620879.08
4/29/2015,20536030.7
4/30/2015,20330252.11
5/1/2015,20550658.77
5/4/2015,20609175.71
5/5/2015,20373162.91
5/6/2015,20289286.13
5/7/2015,20370238.31
5/8/2015,20638431.74
5/11/2015,20539931.89
5/12/2015,20478486.95
5/13/2015,20482391.33
5/14/2015,20695972.3
5/15/2015,20718404.24
5/18/2015,20782770.49
5/19/2015,20775943.11
5/20/2015,20761313.44
5/21/2015,20821784.97
5/22/2015,20772040.32
5/26/2015,20548705.78
5/27/2015,20743759.08
5/28/2015,20720353.94
5/29/2015,20591623.05
6/1/2015,20633559.05
6/2/2015,20613073.62
6/3/2015,20667684.59
6/4/2015,20493116.62
6/5/2015,20458009.7
6/8/2015,20332198.62
6/9/2015,20329273.92
6/10/2015,20573089.01
6/11/2015,20639409.93
6/12/2015,20481416.54
6/15/2015,20393640.16
6/16/2015,20504826.56
6/17/2015,20537980.5
6/18/2015,20751562.96
6/19/2015,20659441.88
6/22/2015,20765285.74
6/23/2015,20779981.84
6/24/2015,20629061.94
6/25/2015,20566344.2
6/26/2015,20562420.4
6/29/2015,20131219.83
6/30/2015,20173361.5
7/1/2015,20335061.66
7/2/2015,20316441.87
7/6/2015,20258621.24
7/7/2015,20386022.55
7/8/2015,20043997.45
7/9/2015,20080260.64
7/10/2015,20333100.61
7/13/2015,20557521.81
7/14/2015,20646705.34
7/15/2015,20639842.3
7/16/2015,20805463.08
7/17/2015,20823104.79
7/20/2015,20833880.27
7/21/2015,20751561.36
7/22/2015,20714316.79
7/23/2015,20597702.33
7/24/2015,20384058.21
7/27/2015,20265477.7
7/28/2015,20514405.23
7/29/2015,20655521.26
7/30/2015,20660421.66
7/31/2015,20629061.94
8/3/2015,20559479.57
8/4/2015,20519302.34
8/5/2015,20586921.96
8/6/2015,20418361.94
8/7/2015,20379159.51
8/10/2015,20635921.69
8/11/2015,20449723.26
8/12/2015,20474216.64
8/13/2015,20448741.88
8/14/2015,20523222.85
8/17/2015,20637881.15
8/18/2015,20578099.46
8/19/2015,20415424.4
8/20/2015,19989117.54
8/21/2015,19387399.08
8/24/2015,18571052.06
8/25/2015,18352512.53
8/26/2015,19057138.9
8/27/2015,19528515.22
8/28/2015,19529496.49
8/31/2015,19371716.84
9/1/2015,18793516.97
9/2/2015,19150238.17
9/3/2015,19163959.26
9/4/2015,18873878.01
9/8/2015,19348196.75
9/9/2015,19089476.71
9/10/2015,19193356.24
9/11/2015,19280578.72
9/14/2015,19209036.89
9/15/2015,19449140.33
9/16/2015,19617693.87
9/17/2015,19573596.03
9/18/2015,19253735.53
9/21/2015,19353233
9/22/2015,19102031.87
9/23/2015,19071493.27
9/24/2015,19002534.4
9/25/2015,18997611.4
9/28/2015,18520826.33
9/29/2015,18531658.48
9/30/2015,18877427.71
10/1/2015,18926686.6
10/2/2015,19209406.11
10/5/2015,19551238.59
10/6/2015,19484248.95
10/7/2015,19643835.77
10/8/2015,19821158.42
10/9/2015,19832971.85
10/12/2015,19851690.55
10/13/2015,19726582.26
10/14/2015,19632014.17
10/15/2015,19933452.38
10/16/2015,20024085.22
10/19/2015,20033929.63
10/20/2015,20008323.69
10/21/2015,19884199.96
10/22/2015,20220118.41
10/23/2015,20441762.31
10/26/2015,20391525.23
10/27/2015,20352118.81
10/28/2015,20583618.38
10/29/2015,20571795.19
10/30/2015,20483137.95
11/2/2015,20725474.45
11/3/2015,20785565.5
11/4/2015,20722517.48
11/5/2015,20701829.66
11/6/2015,20690994.22
11/9/2015,20497916.51
11/10/2015,20545198.11
11/11/2015,20464424.13
11/12/2015,20178741.07
11/13/2015,19952170.98
11/16/2015,20255580.01
11/17/2015,20240802.94
11/18/2015,20561946
11/19/2015,20544211.96
11/20/2015,20619083.17
11/23/2015,20595438.38
11/24/2015,20623024.79
11/25/2015,20620069.42
11/27/2015,20643707.84
11/30/2015,20558004.37
12/1/2015,20754040.64
12/2/2015,20542245.93
12/3/2015,20254595.35
12/4/2015,20649620.17
12/7/2015,20524515.18
12/8/2015,20386600.63
12/9/2015,20227995.08
12/10/2015,20280211.05
12/11/2015,19887155.34
12/14/2015,19987635.87
12/15/2015,20197461.37
12/16/2015,20492990.32
12/17/2015,20180715.18
12/18/2015,19821192.39
12/21/2015,19984698.22
12/22/2015,20166049.86
12/23/2015,20415770.91
12/24/2015,20382074.45
12/28/2015,20335502.21
12/29/2015,20552522.71
12/30/2015,20406851.31
12/31/2015,20202714.64
1/4/2016,19920289.85
1/5/2016,19953981.43
1/6/2016,19702276.72
1/7/2016,19229590.35
1/8/2016,19018516.25
1/11/2016,19037343.42
1/12/2016,19190941.7
1/13/2016,18712312.21
1/14/2016,19019504.1
1/15/2016,18611229.29
1/19/2016,18636004.45
1/20/2016,18397180.39
1/21/2016,18500242.2
1/22/2016,18879780.69
1/25/2016,18594384.29
1/26/2016,18848067.99
1/27/2016,18642943.58
1/28/2016,18740054.1
1/29/2016,19196884.92
2/1/2016,19189949.07
2/2/2016,18844103.75
2/3/2016,18957076.2
2/4/2016,18986803.55
2/5/2016,18625104.26
2/8/2016,18374388.99
2/9/2016,18375384.91
2/10/2016,18359529.35
2/11/2016,18120703.6
2/12/2016,18494298.98
2/16/2016,18806447.83
2/17/2016,19113649.48
2/18/2016,19035361.25
2/19/2016,19026443.23
2/22/2016,19301928.89
2/23/2016,19058154.24
2/24/2016,19145358.9
2/25/2016,19377243.92
2/26/2016,19332652.16
2/29/2016,19181031.06
3/1/2016,19631918.65
3/2/2016,19720115.93
3/3/2016,19797411.55
3/4/2016,19861821.51
3/7/2016,19877678.66
3/8/2016,19660658.16
3/9/2016,19757773.45
3/10/2016,19773627.41
3/11/2016,20092715.4
3/14/2016,20066949.1
3/15/2016,20034248.66
3/16/2016,20150191.12
3/17/2016,20278028.08
3/18/2016,20357712.23
3/21/2016,20386597.45
3/22/2016,20375640.59
3/23/2016,20241172.16
3/24/2016,20232203.95
3/28/2016,20244156.72
3/29/2016,20431417.5
3/30/2016,20521065.88
3/31/2016,20471266.05
4/1/2016,20610714.16
4/4/2016,20543977.1
4/5/2016,20338786.26
4/6/2016,20560906.26
4/7/2016,20314877.53
4/8/2016,20369665
4/11/2016,20321852.22
4/12/2016,20511108.12
4/13/2016,20718290.79
4/14/2016,20719288.4
4/15/2016,20696375.49
4/18/2016,20841800.78
4/19/2016,20907540.33
4/20/2016,20927465.4
4/21/2016,20814909.09
4/22/2016,20814909.09
4/25/2016,20779049.08
4/26/2016,20809926.12
4/27/2016,20852760.82
4/28/2016,20663504.92
4/29/2016,20551942.93
5/2/2016,20715301.46
5/3/2016,20535012.07
5/4/2016,20420465.53
5/5/2016,20416480.17
5/6/2016,20491184.75
5/9/2016,20508118.79
5/10/2016,20763110.95
5/11/2016,20568876.97
5/12/2016,20574852.55
5/13/2016,20395559.19
5/16/2016,20596767.86
5/17/2016,20404527.4
5/18/2016,20410502.99
5/19/2016,20339782.28
5/20/2016,20468276.71
5/23/2016,20440382.53
5/24/2016,20705342.11
5/25/2016,20845784.54
5/26/2016,20851761.72
5/27/2016,20941410
5/31/2016,20901564.74
6/1/2016,20944399.44
6/2/2016,21008145.46
6/3/2016,20945395.35
6/6/2016,21051972.89
6/7/2016,21084841.76
6/8/2016,21153577.22
6/9/2016,21124687.12
6/10/2016,20924474.37
6/13/2016,20763110.95
6/14/2016,20722269.67
6/15/2016,20693387.75
6/16/2016,20755145.13
6/17/2016,20677849.62
6/20/2016,20811014.37
6/21/2016,20870088.49
6/22/2016,20836047
6/23/2016,21107387.05
6/24/2016,20349435.45
6/27/2016,19984984.88
6/28/2016,20345432.37
6/29/2016,20691862.25
6/30/2016,20974215.83
7/1/2016,21018274.83
7/5/2016,20867082.81
7/6/2016,20992241.3
7/7/2016,20979224.58
7/8/2016,21291611.48
7/11/2016,21366709.48
7/12/2016,21521901.39
7/13/2016,21518900.6
7/14/2016,21639048.73
7/15/2016,21610012.92
7/18/2016,21668084.55
7/19/2016,21646057.49
7/20/2016,21736168.91
7/21/2016,21654068.63
7/22/2016,21751190.51
7/25/2016,21692116.38
7/26/2016,21702129.12
7/27/2016,21679101.26
7/28/2016,21704132.3
7/29/2016,21739174.48
8/1/2016,21721152.2
8/2/2016,21581979.49
8/3/2016,21645053.4
8/4/2016,21668084.55
8/5/2016,21845306.7
8/8/2016,21832289.99
8/9/2016,21845306.7
8/10/2016,21791236.56
8/11/2016,21892366.39
8/12/2016,21873341.72
8/15/2016,21936417.33
8/16/2016,21823278.05
8/17/2016,21864331.38
8/18/2016,21913391.07
8/19/2016,21881351.27
8/22/2016,21880352.07
8/23/2016,21924404.6
8/24/2016,21812266.11
8/25/2016,21797244.52
8/26/2016,21756195.97
8/29/2016,21863330.58
8/30/2016,21827284.42
8/31/2016,21765206.32
9/1/2016,21766208.81
9/2/2016,21864331.38
9/6/2016,21930414.25
9/7/2016,21928410.96
9/8/2016,21878347.29
9/9/2016,21354693.56
9/12/2016,21661078.98
9/13/2016,21349687.99
9/14/2016,21341673.56
9/15/2016,21554941.98
9/16/2016,21471618.99
9/19/2016,21475648.07
9/20/2016,21476652.16
9/21/2016,21718167.64
9/22/2016,21855021.43
9/23/2016,21735274.99
9/26/2016,21559171.86
9/27/2016,21693010.31
9/28/2016,21800684.16
9/29/2016,21603447.79
9/30/2016,21766467.87
10/3/2016,21714141.85
10/4/2016,21603447.79
10/5/2016,21699047.45
10/6/2016,21714141.85
10/7/2016,21639675.43
10/10/2016,21752382.33
10/11/2016,21477656.13
10/12/2016,21505836.97
10/13/2016,21435393.05
10/14/2016,21446461.66
10/17/2016,21371996.82
10/18/2016,21505836.97
10/19/2016,21563194.46
10/20/2016,21522942.62
10/21/2016,21533003.96
10/24/2016,21624577.74
10/25/2016,21552122.56
10/26/2016,21508855.49
10/27/2016,21451494.82
10/28/2016,21388095.31
10/31/2016,21389105.76
11/1/2016,21234132.58
11/2/2016,21106331.17
11/3/2016,21009725.93
11/4/2016,20986581.55
11/7/2016,21449480.28
11/8/2016,21546085.52
11/9/2016,21774521.15
11/10/2016,21828860.12
11/11/2016,21778543.75
11/14/2016,21795647.81
11/15/2016,21965718.68
11/16/2016,21924459.68
11/17/2016,22037166.59
11/18/2016,21987855.9
11/21/2016,22153899.39
11/22/2016,22197169.75
11/23/2016,22209245.52
11/25/2016,22291760.44
11/28/2016,22187106.71
11/29/2016,22230378.76
11/30/2016,22177043.77
12/1/2016,22095531.34
12/2/2016,22106601.54
12/5/2016,22239434.42
12/6/2016,22309874.96
12/7/2016,22601706.91
12/8/2016,22657051.45
12/9/2016,22793910.12
12/12/2016,22767747.11
12/13/2016,22919698.58
12/14/2016,22730515.49
12/15/2016,22824100.62
12/16/2016,22779461.83
12/19/2016,22829059.17
12/20/2016,22917125.38
12/21/2016,22853358.24
12/22/2016,22813877.32
12/23/2016,22847283.84
12/27/2016,22903969.32
12/28/2016,22714676.17
12/29/2016,22709615.52
12/30/2016,22626610.06
1/3/2017,22799707.52
1/4/2017,22935345.17
1/5/2017,22917125.38
1/6/2017,22999118.79
1/9/2017,22923199.67
1/10/2017,22923199.67
1/11/2017,22987982.15
1/12/2017,22930287.81
1/13/2017,22982923.09
1/17/2017,22901941.83
1/18/2017,22952554.51
1/19/2017,22867528.04
1/20/2017,22951542.46
1/23/2017,22891817.35
1/24/2017,23038596.42
1/25/2017,23238007.58
1/26/2017,23213713.4
1/27/2017,23177272.01
1/30/2017,23033535.87
1/31/2017,23031508.38
2/1/2017,23040620.72
2/2/2017,23055804.16
2/3/2017,23214725.55
2/6/2017,23173223.51
2/7/2017,23174237.26
2/8/2017,23204601.06
2/9/2017,23342267.8
2/10/2017,23434382.4
2/13/2017,23561923.06
2/14/2017,23656061.97
2/15/2017,23779555.71
2/16/2017,23759311.62
2/17/2017,23796761.76
2/21/2017,23938475.4
2/22/2017,23917217.57
2/23/2017,23933416.45
2/24/2017,23963783.33
2/27/2017,24001236.87
2/28/2017,23936452.8
3/1/2017,24271503.21
3/2/2017,24118656.22
3/3/2017,24133838.07
3/6/2017,24061972.44
3/7/2017,23990096.94
3/8/2017,23945561.84
3/9/2017,23975930.53
3/10/2017,24059944.95
3/13/2017,24072095.23
3/14/2017,23979975.74
3/15/2017,24187487.09
3/16/2017,24139912.47
3/17/2017,24097521.39
3/20/2017,24071086.37
3/21/2017,23762025.65
3/22/2017,23817940.32
3/23/2017,23792523.82
3/24/2017,23775243.27
3/27/2017,23750840.51
3/28/2017,23923669.25
3/29/2017,23946038.04
3/30/2017,24022285.74
3/31/2017,23966372.77
4/3/2017,23924691.06
4/4/2017,23939937.75
4/5/2017,23868773.21
4/6/2017,23935874.61
4/7/2017,23911473.55
4/10/2017,23925706.39
4/11/2017,23897240.6
4/12/2017,23792523.82
4/13/2017,23637992.67
4/17/2017,23847426.33
4/18/2017,23776258.61
4/19/2017,23732544.52
4/20/2017,23925706.39
4/21/2017,23849455.41
4/24/2017,24111751.05
4/25/2017,24252047.76
4/26/2017,24236801.07
4/27/2017,24257129.43
4/28/2017,24204267.35
5/1/2017,24265263.68
5/2/2017,24274414.86
5/3/2017,24244928.85
5/4/2017,24273397.83
5/5/2017,24368961.83
5/8/2017,24364897.2
5/9/2017,24342530
5/10/2017,24386244.08
5/11/2017,24336431.41
5/12/2017,24295765.03
5/15/2017,24429959.76
5/16/2017,24407594.25
5/17/2017,23974505.43
5/18/2017,24071086.37
5/19/2017,24227649.89
5/22/2017,24350662.66
5/23/2017,24404546.55
5/24/2017,24461478.14
5/25/2017,24578390.62
5/26/2017,24573312.14
5/30/2017,24551958.78
5/31/2017,24545858.49
6/1/2017,24741051.14
6/2/2017,24823404.11
6/5/2017,24805104.83
6/6/2017,24725806.14
6/7/2017,24771554.19
6/8/2017,24783754.66
6/9/2017,24746136.1
6/12/2017,24741051.14
6/13/2017,24862036.42
6/14/2017,24830518.04
6/15/2017,24782737.73
6/16/2017,24788151.37
6/19/2017,24994516.21
6/20/2017,24825949.72
6/21/2017,24819818.76
6/22/2017,24808580.13
6/23/2017,24838211.86
6/26/2017,24854553.17
6/27/2017,24654319.39
6/28/2017,24874986.81
6/29/2017,24656364.71
6/30/2017,24702339.44
7/3/2017,24744221.95
7/5/2017,24801433.73
7/6/2017,24574636.84
7/7/2017,24734006.73
7/10/2017,24760566.55
7/11/2017,24742179.82
7/12/2017,24928112.83
7/13/2017,24969995.33
7/14/2017,25086457.62
7/17/2017,25083395.37
7/18/2017,25096676.03
7/19/2017,25232548.44
7/20/2017,25243787.07
7/21/2017,25221311.4
7/24/2017,25215183.62
7/25/2017,25276476.27
7/26/2017,25277498.07
7/27/2017,25254002.3
7/28/2017,25224376.94
7/31/2017,25210072.77
8/1/2017,25266264.33
8/2/2017,25278519.99
8/3/2017,25229486.2
8/4/2017,25275456.05
8/7/2017,25322446.12
8/8/2017,25260130.08
8/9/2017,25259109.86
8/10/2017,24902570.03
8/11/2017,24939351.46
8/14/2017,25186573.71
8/15/2017,25183513.05
8/16/2017,25227439.29
8/17/2017,24834122.82
8/18/2017,24795302.66
8/21/2017,24814712.79
8/22/2017,25074201.95
8/23/2017,24984299.5
8/24/2017,24926069.1
8/25/2017,24984299.5
8/28/2017,24985321.31
8/29/2017,25013926.34
8/30/2017,25132429.17
8/31/2017,25283629.14
9/1/2017,25319383.87
9/5/2017,25137538.32
9/6/2017,25223350.25
9/7/2017,25220291.19
9/8/2017,25190662.75
9/11/2017,25459343.63
9/12/2017,25545157.26
9/13/2017,25557417.69
9/14/2017,25549244.6
9/15/2017,25583640.67
9/18/2017,25638054.03
9/19/2017,25663719.93
9/20/2017,25672958.56
9/21/2017,25604173.01
9/22/2017,25609304.87
9/25/2017,25556944.89
9/26/2017,25572346.96
9/27/2017,25671931.87
9/28/2017,25702732.82
9/29/2017,25793080.7
10/2/2017,25904987.71
10/3/2017,25960427.77
10/4/2017,25991228.83
10/5/2017,26145228.8
10/6/2017,26115452.85
10/9/2017,26072334.78
10/10/2017,26141120.34
10/11/2017,26182189.9
10/12/2017,26143173.72
10/13/2017,26175003.06
10/16/2017,26209905.9
10/17/2017,26228389.74
10/18/2017,26254057.23
10/19/2017,26261242.48
10/20/2017,26396761.9
10/23/2017,26294092.03
10/24/2017,26340296.75
10/25/2017,26209905.9
10/26/2017,26243788.62
10/27/2017,26458362.21
10/30/2017,26359803.99
10/31/2017,26400868.67
11/1/2017,26435773.2
11/2/2017,26446043.4
11/3/2017,26534339.6
11/6/2017,26575405.87
11/7/2017,26556925.32
11/8/2017,26602093.58
11/9/2017,26505592.03
11/10/2017,26497375.21
11/13/2017,26522017.6
11/14/2017,26460417.19
11/15/2017,26327977.94
11/16/2017,26551790.16
11/17/2017,26473762.69
11/20/2017,26518935.83
11/21/2017,26692443.16
11/22/2017,26668835.52
11/24/2017,26730432.54
11/27/2017,26717083.85
11/28/2017,26988127.59
11/29/2017,26971697.13
11/30/2017,27207836.23
12/1/2017,27151371.08
12/4/2017,27118511.86
12/5/2017,27020980.33
12/6/2017,27026113.79
12/7/2017,27111329.8
12/8/2017,27259167.93
12/11/2017,27341303.87
12/12/2017,27389552.21
12/13/2017,27386478.61
12/14/2017,27274565.22
12/15/2017,27501698.86
12/18/2017,27676088.75
12/19/2017,27569804.34
12/20/2017,27555352.76
12/21/2017,27612109.46
12/22/2017,27604886.96
12/26/2017,27571867.38
12/27/2017,27585279.32
12/28/2017,27642036.01
12/29/2017,27537811.46
1/2/2018,27734908.48
1/3/2018,27910331.54
1/4/2018,28027971.11
1/5/2018,28214749.43
1/8/2018,28266346.66
1/9/2018,28330329.14
1/10/2018,28286984.28
1/11/2018,28493366.95
1/12/2018,28679115.29
1/16/2018,28581083.36
1/17/2018,28853505.08
1/18/2018,28805010.63
1/19/2018,28936062.03
1/22/2018,29171338.09
1/23/2018,29233257.42
1/24/2018,29221905.45
1/25/2018,29234280.82
1/26/2018,29572757.93
1/29/2018,29376687.6
1/30/2018,29075372.49
1/31/2018,29089820.78
2/1/2018,29056798.02
2/2/2018,28424234.89
2/5/2018,27235456.71
2/6/2018,27772057.53
2/7/2018,27621395.1
2/8/2018,26585350.68
2/9/2018,26984702.49
2/12/2018,27380956.5
2/13/2018,27449068.35
2/14/2018,27819525.4
2/15/2018,28174504.07
2/16/2018,28182756.54
2/20/2018,28006297.14
2/21/2018,27866989.97
2/22/2018,27903109.04
2/23/2018,28347867.27
2/26/2018,28677052.15
2/27/2018,28318973.88
2/28/2018,28032100.58
3/1/2018,27624494.7
3/2/2018,27766898.08
3/5/2018,28087824.11
3/6/2018,28159029.09
3/7/2018,28148710.28
3/8/2018,28284924.43
3/9/2018,28777147.22
3/12/2018,28741031.34
3/13/2018,28555286.29
3/14/2018,28408750.14
3/15/2018,28377790.53
3/16/2018,28408568.77
3/19/2018,28024184.96
3/20/2018,28071850.43
3/21/2018,28017976.2
3/22/2018,27317602.31
3/23/2018,26735339.41
3/26/2018,27466794.33
3/27/2018,26999534.54
3/28/2018,26919753.28
3/29/2018,27263725
4/2/2018,26675248.36
4/3/2018,27017148.76
4/4/2018,27306201.83
4/5/2018,27521704.91
4/6/2018,26908359.18
4/9/2018,27040976.61
4/10/2018,27470936.75
4/11/2018,27326926.9
4/12/2018,27551751.28
4/13/2018,27470936.75
4/16/2018,27696794.29
4/17/2018,27993108.71
4/18/2018,28013830.59
4/19/2018,27858423.35
4/20/2018,27622198.39
4/23/2018,27618055.97
4/24/2018,27246115.67
4/25/2018,27313456.7
4/26/2018,27591122.03
4/27/2018,27617019.51
4/30/2018,27404632.07
5/1/2018,27453327.41
5/2/2018,27268910.25
5/3/2018,27208814.42
5/4/2018,27561075.77
5/7/2018,27654323.94
5/8/2018,27654323.94
5/9/2018,27921618.78
5/10/2018,28182701.46
5/11/2018,28268694.77
5/14/2018,28282168.26
5/15/2018,28087386.86
5/16/2018,28205492.86
5/17/2018,28181671.59
5/18/2018,28111218
5/21/2018,28322568.99
5/22/2018,28243827.27
5/23/2018,28321535.83
5/24/2018,28263519.18
5/25/2018,28196174.85
5/29/2018,27871886.97
5/30/2018,28243827.27
5/31/2018,28070807.5
6/1/2018,28346403.32
6/4/2018,28481088.68
6/5/2018,28501807.28
6/6/2018,28740101.86
6/7/2018,28736995.89
6/8/2018,28821952.74
6/11/2018,28860283.96
6/12/2018,28897581.91
6/13/2018,28805370.09
6/14/2018,28877896.48
6/15/2018,28841058.38
6/18/2018,28781739.85
6/19/2018,28671419.88
6/20/2018,28720335.45
6/21/2018,28540290.69
6/22/2018,28592328.47
6/25/2018,28203105.92
6/26/2018,28265546.66
6/27/2018,28031384.85
6/28/2018,28191656.73
6/29/2018,28232245.42
7/2/2018,28292603.6
7/3/2018,28192696.37
7/5/2018,28422689.97
7/6/2018,28663096.19
7/9/2018,28921189.55
7/10/2018,29025258.62
7/11/2018,28812958.63
7/12/2018,29074174.19
7/13/2018,29097069.17
7/16/2018,29071048.69
7/17/2018,29188655.89
7/18/2018,29250053.81
7/19/2018,29139740.32
7/20/2018,29106435.79
7/23/2018,29160552.84
7/24/2018,29307289.89
7/25/2018,29557059.44
7/26/2018,29487334.65
7/27/2018,29287520.19
7/30/2018,29134538.84
7/31/2018,29278147.2
8/1/2018,29229238.11
8/2/2018,29388473.53
8/3/2018,29514391.58
8/6/2018,29622625.69
8/7/2018,29720450.35
8/8/2018,29707961.52
8/9/2018,29667376.22
8/10/2018,29468601.41
8/13/2018,29358288.02
8/14/2018,29545613.55
8/15/2018,29324983.38
8/16/2018,29562267.51
8/17/2018,29666336.48
8/20/2018,29729820.15
8/21/2018,29799545.05
8/22/2018,29781854.74
8/23/2018,29742308.98
8/24/2018,29921304.44
8/27/2018,30157552.01
8/28/2018,30172120.11
8/29/2018,30334468.19
8/30/2018,30211662.69
8/31/2018,30212705.51
9/4/2018,30160667.74
9/5/2018,30079493.75
9/6/2018,29988956.44
9/7/2018,29930674.25
9/10/2018,29982708.73
9/11/2018,30081573.14
9/12/2018,30088860.37
9/13/2018,30266822.57
9/14/2018,30272024.16
9/17/2018,30111752.17
9/18/2018,30275149.55
9/19/2018,30307411.26
9/20/2018,30553015.78
9/21/2018,30525100.59
9/24/2018,30423697.05
9/25/2018,30395467.7
9/26/2018,30304522.22
9/27/2018,30389197.4
9/28/2018,30392335.73
10/1/2018,30497923.83
10/2/2018,30480149.25
10/3/2018,30496877.72
10/4/2018,30258521.59
10/5/2018,30089161.57
10/8/2018,30089161.57
10/9/2018,30045253.16
10/10/2018,29093927.54
10/11/2018,28453089.33
10/12/2018,28848258.28
10/15/2018,28686214.68
10/16/2018,29313462.98
10/17/2018,29318693.65
10/18/2018,28895298.55
10/19/2018,28879619.59
10/22/2018,28749983.42
10/23/2018,28603625.36
10/24/2018,27736981.39
10/25/2018,28234593.52
10/26/2018,27738021.03
10/29/2018,27584346.55
10/30/2018,27993105.53
10/31/2018,28292095.13
11/1/2018,28593173.78
11/2/2018,28423817.06
11/5/2018,28580633.16
11/6/2018,28761484.4
11/7/2018,29377234.9
11/8/2018,29323921.14
11/9/2018,29037475.34
11/12/2018,28494905.4
11/13/2018,28441588.35
11/14/2018,28247140.62
11/15/2018,28541945.67
11/16/2018,28616172.45
11/19/2018,28132147.05
11/20/2018,27611526.49
11/21/2018,27705613.61
11/23/2018,27520577.82
11/26/2018,27964876.08
11/27/2018,28058966.49
11/28/2018,28705032.19
11/29/2018,28642306.38
11/30/2018,28816893.78
12/3/2018,29198466.24
12/4/2018,28252368
12/6/2018,28209505.81
12/7/2018,27554031.35
12/10/2018,27606302.29
12/11/2018,27612572.6
12/12/2018,27751614.24
12/13/2018,27742202.3
12/14/2018,27229950.74
12/17/2018,26695743.45
12/18/2018,26666471.18
12/19/2018,26267122.55
12/20/2018,25839547.77
12/21/2018,25310106.3
12/24/2018,24641339.93
12/26/2018,25886338.74
12/27/2018,26085079.38
12/28/2018,26051429.93
12/31/2018,26279608.09
1/2/2019,26306948.39
1/3/2019,25679191.62
1/4/2019,26539335.4
1/7/2019,26748589.29
1/8/2019,26999900.58
1/9/2019,27126082.57
1/10/2019,27221772.77
1/11/2019,27232285.9
1/14/2019,27066145.3
1/15/2019,27376344.46
1/16/2019,27442594.07
1/17/2019,27650790.48
1/18/2019,28018821.52
1/22/2019,27640277.35
1/23/2019,27698112.52
1/24/2019,27712832.92
1/25/2019,27947321.82
1/28/2019,27734914.96
1/29/2019,27698112.52
1/30/2019,28136593.96
1/31/2019,28383701.27
2/1/2019,28397372.27
2/4/2019,28597160.73
2/5/2019,28717035.16
2/6/2019,28679180.03
2/7/2019,28405786.6
2/8/2019,28440483.86
2/11/2019,28456256.85
2/12/2019,28822189.19
2/13/2019,28915771.03
2/14/2019,28851629.89
2/15/2019,29166036.21
2/19/2019,29216509.64
2/20/2019,29275390.93
2/21/2019,29171292.77
2/22/2019,29352153.66
2/25/2019,29392110.78
2/26/2019,29371081.23
2/27/2019,29358466.11
2/28/2019,29303782.22
3/1/2019,29486748.39
3/4/2019,29379492.37
3/5/2019,29339535.36
3/6/2019,29161825.75
3/7/2019,28917876.2
3/8/2019,28860041.03
3/11/2019,29278548.79
3/12/2019,29388956.1
3/13/2019,29583488.1
3/14/2019,29564560.53
3/15/2019,29710627.05
3/18/2019,29818352.69
3/19/2019,29825746.91
3/20/2019,29735973.93
3/21/2019,30071830.82
3/22/2019,29493060.83
3/25/2019,29470881.59
3/26/2019,29690559.45
3/27/2019,29535304.5
3/28/2019,29647256.73
3/29/2019,29834196.89
4/1/2019,30188006.45
4/2/2019,30202794.77
4/3/2019,30250320.9
4/4/2019,30330588.12
4/5/2019,30477393.08
4/8/2019,30500628.21
4/9/2019,30344317.38
4/10/2019,30447822.8
4/11/2019,30439369.53
4/12/2019,30645321.53
4/15/2019,30625253.93
4/16/2019,30645321.53
4/17/2019,30570336.87
4/18/2019,30630533.1
4/22/2019,30656939.04
4/23/2019,30932596.41
4/24/2019,30863946.81
4/25/2019,30844931.9
4/26/2019,30988572.52
4/29/2019,31037154.53
4/30/2019,31052995.44
5/1/2019,30819585.02
5/2/2019,30753047.17
5/3/2019,31054051.32
5/6/2019,30926258.07
5/7/2019,30409799.36
5/8/2019,30367552.51
5/9/2019,30275667.78
5/10/2019,30427755.2
5/13/2019,29663097.74
5/14/2019,29931360.9
5/15/2019,30106683.45
5/16/2019,30385508.35
5/17/2019,30189062.32
5/20/2019,29989451.95
5/21/2019,30259826.76
5/22/2019,30166886.26
5/23/2019,29798288.38
5/24/2019,29865882.11
5/28/2019,29588113.09
5/29/2019,29389555.3
5/30/2019,29469822.42
5/31/2019,29072710.25
6/3/2019,28998781.36
6/4/2019,29628248.29
6/5/2019,29884890.65
6/6/2019,30079221.74
6/7/2019,30380225.89
6/10/2019,30519639.93
6/11/2019,30512245.72
6/12/2019,30458384.54
6/13/2019,30584062.85
6/14/2019,30550269.27
6/17/2019,30561883.6
6/18/2019,30881899.47
6/19/2019,30951604.95
6/20/2019,31247326.64
6/21/2019,31201905.69
6/24/2019,31163700.86
6/25/2019,30858049.01
6/26/2019,30827270.67
6/27/2019,30936583.36
6/28/2019,31095776.75
7/1/2019,31378080.13
7/2/2019,31459798.24
7/3/2019,31711323.28
7/5/2019,31675239.76
7/8/2019,31501190.01
7/9/2019,31540457.19
7/10/2019,31691158.46
7/11/2019,31765450.1
7/12/2019,31907662.44
7/15/2019,31918275.97
7/16/2019,31815330.8
7/17/2019,31598826.83
7/18/2019,31714507.04
7/19/2019,31538335.78
7/22/2019,31615807.88
7/23/2019,31841863.03
7/24/2019,31991505.14
7/25/2019,31838679.27
7/26/2019,32051999.48
7/29/2019,31993626.55
7/30/2019,31915092.21
7/31/2019,31565927.18
8/1/2019,31291053.56
8/2/2019,31055447.23
8/5/2019,30121513.91
8/6/2019,30543905.04
